# [模糊查询](https://www.cnblogs.com/ynxiyan/p/17026448.html)

在 MySQL 中，LIKE 关键字主要用于搜索匹配字段中的指定内容。其语法格式如下：

[NOT] LIKE '字符串'

其中：

- NOT ：可选参数，字段中的内容与指定的字符串不匹配时满足条件。
- 字符串：指定用来匹配的字符串。“字符串”可以是一个很完整的字符串，也可以包含通配符。

LIKE 关键字支持百分号“%”和下划线“_”通配符。

通配符是一种特殊语句，主要用来模糊查询。当不知道真正字符或者懒得输入完整名称时，可以使用通配符来代替一个或多个真正的字符。

### **带有“%”通配符的查询**

“%”是 MySQL 中最常用的通配符，它能代表任何长度的字符串，字符串的长度可以为 0。例如，a%b表示以字母 a 开头，以字母 b 结尾的任意长度的字符串。该字符串可以代表 ab、acb、accb、accrb 等字符串。

#### **例 1**

在 tb_students_info 表中，查找所有以字母“T”开头的学生姓名，SQL 语句和运行结果如下。

```bash
mysql> SELECT name FROM tb_students_info    -> WHERE name LIKE 'T%'; +--------+ | name   | +--------+ | Thomas | | Tom    | +--------+ 2 rows in set (0.12 sec)
```

可以看到，查询结果中只返回了以字母“T”开头的学生姓名。

注意：匹配的字符串必须加单引号或双引号。

NOT LIKE 表示字符串不匹配时满足条件。

#### **例 2**

在 tb_students_info 表中，查找所有不以字母“T”开头的学生姓名，SQL 语句和运行结果如下。

```bash
mysql> SELECT NAME FROM tb_students_info    -> WHERE NAME NOT LIKE 'T%'; +-------+ | NAME  | +-------+ | Dany  | | Green | | Henry | | Jane  | | Jim   | | John  | | Lily  | | Susan | +-------+ 8 rows in set (0.00 sec)
```

可以看到，查询结果中返回了不以字母“T”开头的学生姓名。

#### **例 3**

在 tb_students_info 表中，查找所有包含字母“e”的学生姓名，SQL 语句和运行结果如下。

```bash
mysql> SELECT name FROM tb_students_info    -> WHERE name LIKE '%e%'; +-------+ | name  | +-------+ | Green | | Henry | | Jane  | +-------+ 3 rows in set (0.00 sec)
```

可以看到，查询结果中返回了所有包含字母“e”的学生姓名。

### **带有“_”通配符的查询**

“_”只能代表单个字符，字符的长度不能为 0。例如，a_b可以代表 acb、adb、aub 等字符串。

#### **例 4**

在 tb_students_info 表中，查找所有以字母“y”结尾，且“y”前面只有 4 个字母的学生姓名，SQL 语句和运行结果如下。

```bash
mysql> SELECT name FROM tb_students_info    -> WHERE name LIKE '____y'; +-------+ | name  | +-------+ | Henry | +-------+ 1 row in set (0.00 sec)
```

### **LIKE 区分大小写**

默认情况下，LIKE 关键字匹配字符的时候是不区分大小写的。如果需要区分大小写，可以加入 BINARY 关键字。

#### **例 5**

在 tb_students_info 表中，查找所有以字母“t”开头的学生姓名，区分大小写和不区分大小写的 SQL 语句和运行结果如下。

```bash
mysql> SELECT name FROM tb_students_info WHERE name LIKE 't%'; +--------+ | name   | +--------+ | Thomas | | Tom    | +--------+ 2 rows in set (0.00 sec) mysql> SELECT name FROM tb_students_info WHERE name LIKE BINARY 't%'; Empty set (0.01 sec)
```

由结果可以看到，区分大小写后，“Tom”和“Thomas”等记录就不会被匹配到了。

### **使用通配符的注意事项和技巧**

下面是使用通配符的一些注意事项：

- **注意大小写**。MySQL 默认是不区分大小写的。如果区分大小写，像“Tom”这样的数据就不能被“t%”所匹配到。
- **注意尾部空格**，尾部空格会干扰通配符的匹配。例如，“T% ”就不能匹配到“Tom”。
- **注意 NULL**。“%”通配符可以到匹配任意字符，但是不能匹配 NULL。也就是说 “%”匹配不到 tb_students_info 数据表中值为 NULL 的记录。

下面是一些使用通配符要记住的技巧。

- 不要过度使用通配符，如果其它操作符能达到相同的目的，应该使用其它操作符。因为 MySQL 对通配符的处理一般会比其他操作符花费更长的时间。
- 在确定使用通配符后，除非绝对有必要，否则不要把它们用在字符串的开始处。把通配符置于搜索模式的开始处，搜索起来是最慢的。
- 仔细注意通配符的位置。如果放错地方，可能不会返回想要的数据。

总之，通配符是一种极其重要和有用的搜索工具，以后我们会经常用到它。

### **拓展**

如果查询内容中包含通配符，可以使用“\”转义符。例如，在 tb_students_info 表中，将学生姓名“Dany”修改为“Dany%”后，查询以“%”结尾的学生姓名，SQL 语句和运行结果如下：

```bash
mysql> SELECT NAME FROM test.`tb_students_info` WHERE NAME LIKE '%\%'; +-------+ | NAME  | +-------+ | Dany% | +-------+ 1 row in set (0.00 sec)
```

MySQL 提供了 BETWEEN AND 关键字，用来判断字段的数值是否在指定范围内。

BETWEEN AND 需要两个参数，即范围的起始值和终止值。如果字段值在指定的范围内，则这些记录被返回。如果不在指定范围内，则不会被返回。

使用 BETWEEN AND 的基本语法格式如下：

[NOT] BETWEEN 取值1 AND 取值2

其中：

- NOT：可选参数，表示指定范围之外的值。如果字段值不满足指定范围内的值，则这些记录被返回。
- 取值1：表示范围的起始值。
- 取值2：表示范围的终止值。

BETWEEN AND 和 NOT BETWEEN AND 关键字在查询指定范围内的记录时很有用。例如，查询学生的年龄段、出生日期，员工的工资水平等。

#### **例 1**

在表 tb_students_info 中查询年龄在 20 到 23 之间的学生姓名和年龄，SQL 语句和运行结果如下。

```bash
mysql> SELECT name,age FROM tb_students_info     -> WHERE age BETWEEN 20 AND 23; +--------+------+ | name   | age  | +--------+------+ | Green  |   23 | | Henry  |   23 | | Jane   |   22 | | John   |   21 | | Lily   |   22 | | Susan  |   23 | | Thomas |   22 | | Tom    |   23 | +--------+------+ 8 rows in set (0.00 sec)
```

查询结果中包含学生年龄为 20 和 23 的记录，这就说明，在 MySQL 中，BETWEEN AND 能匹配指定范围内的所有值，包括起始值和终止值。

#### **例 2**

在表 tb_students_info 中查询年龄不在 20 到 23 之间的学生姓名和年龄，SQL 语句和运行结果如下。

```bash
mysql> SELECT name,age FROM tb_students_info     -> WHERE age NOT BETWEEN 20 AND 23; +------+------+ | name | age  | +------+------+ | Dany |   25 | | Jim  |   24 | +------+------+ 2 rows in set (0.00 sec)
```

#### **例 3**

在表 tb_students_info 中查询注册日期在 2015-10-01 和 2016-05-01 之间的学生信息。SQL 语句和运行结果如下。

```bash
mysql> SELECT name,login_date FROM tb_students_info    -> WHERE login_date BETWEEN '2015-10-01' AND '2016-05-01'; +-------+------------+ | name  | login_date | +-------+------------+ | Jim   | 2016-01-15 | | John  | 2015-11-11 | | Lily  | 2016-02-26 | | Susan | 2015-10-01 | +-------+------------+ 4 rows in set (0.00 sec)
```
